/*Crea la tabla CATEGORIA*/
CREATE TABLE iF NOT EXISTS Categoria (
  idCategoria int PRIMARY KEY NOT NULL AUTO_INCREMENT,
  nombre varchar(50) NOT NULL
) ENGINE=InnoDB DEFAULT CHARSET=utf8 COLLATE=utf8_spanish_ci;

/*Crea la tabla DEBILIDAD*/
CREATE TABLE iF NOT EXISTS Debilidad (
  idDebilidad int PRIMARY KEY NOT NULL AUTO_INCREMENT,
  nombre varchar(50) NOT NULL
) ENGINE=InnoDB DEFAULT CHARSET=utf8 COLLATE=utf8_spanish_ci;

/*Crea la tabla HABILIDAD*/
CREATE TABLE iF NOT EXISTS Habilidad (
  idHabilidad int PRIMARY KEY NOT NULL AUTO_INCREMENT,
  nombre varchar(50) NOT NULL
) ENGINE=InnoDB DEFAULT CHARSET=utf8 COLLATE=utf8_spanish_ci;

/*Crea la tabla POKEMON*/
CREATE TABLE iF NOT EXISTS Pokemon (
  idPokemon int PRIMARY key NOT NULL AUTO_INCREMENT,
  nombre varchar(50) NOT NULL,
  descripcion mediumtext NOT NULL,
  imagen varchar(50) NOT NULL,
  idCategoria int NOT NULL,
  CONSTRAINT pokemon_ibfk_1 FOREIGN KEY (idCategoria) REFERENCES Categoria (idCategoria) ON DELETE CASCADE ON UPDATE CASCADE
) ENGINE=InnoDB DEFAULT CHARSET=utf8 COLLATE=utf8_spanish_ci;

/*Crea la tabla TIPO*/
CREATE TABLE iF NOT EXISTS Tipo (
  idTipo int PRIMARY KEY NOT NULL AUTO_INCREMENT,
  nombre varchar(50) NOT NULL
) ENGINE=InnoDB DEFAULT CHARSET=utf8 COLLATE=utf8_spanish_ci;

/*crea la tabla pokemonDebilidad*/
CREATE TABLE iF NOT EXISTS PokemonDebilidad (
  idDebilidad int NOT NULL,
  idPokemon int NOT NULL,
  Primary key(idDebilidad,idPokemon),
  CONSTRAINT pokemondebilidad_ibfk_1 foreign key (idPokemon) references Pokemon(idPokemon),
  CONSTRAINT pokemondebilidad_ibfk_2 foreign key (idDebilidad) references Debilidad(idDebilidad)
) ENGINE=InnoDB DEFAULT CHARSET=utf8 COLLATE=utf8_spanish_ci;

/*crea la tabla POKEMON-HABILIDAD*/
CREATE TABLE iF NOT EXISTS PokemonHabilidad (
  idHabilidad int NOT NULL,
  idPokemon int NOT NULL,
  Primary key(idHabilidad,idPokemon),
  CONSTRAINT pokemonhabilidad_ibfk_1 foreign key (idPokemon) references Pokemon(idPokemon),
  CONSTRAINT pokemonhabilidad_ibfk_2 foreign key (idHabilidad) references Habilidad(idHabilidad)
) ENGINE=InnoDB DEFAULT CHARSET=utf8 COLLATE=utf8_spanish_ci;
  
/*crea la tabla pokemonTIPO*/
CREATE TABLE iF NOT EXISTS PokemonTipo (
  idTipo int NOT NULL,
  idPokemon int NOT NULL,
  Primary key(idTipo,idPokemon),
  CONSTRAINT pokemontipo_ibfk_1 foreign key (idPokemon) references Pokemon(idPokemon),
  CONSTRAINT pokemontipo_ibfk_2 foreign key (idTipo) references Tipo(idTipo)
) ENGINE=InnoDB DEFAULT CHARSET=utf8 COLLATE=utf8_spanish_ci;

Create table if not exists EstadisticasPokemon  (
	numeroPokedex int primary key not null,
    peso double not null,
    altura double not null,
    ps int not null,
    ataque int not null,
    defensa int not null,
    at_especial int not null,
    df_especial int not null,
    velocidad int not null,
	foreign key (numeroPokedex) references Pokemon(idPokemon)
)ENGINE=InnoDB DEFAULT CHARSET=utf8 COLLATE=utf8_spanish_ci;


/*DATOS TABLA CATEGORÍA*/
INSERT INTO Categoria (idCategoria, nombre) VALUES
(1, 'Semilla'),
(2, 'Lagartija'),
(3, 'Llama'),
(4, 'Tortuguita'),
(5, 'Tortuga'),
(6, 'Armazón'),
(7, 'Gusano'),
(8, 'Capullo'),
(9, 'Mariposa'),
(10, 'Oruga'),
(11, 'Abeja Veneno'),
(12, 'Pajarito'),
(13, 'Pajáro'),
(14, 'Ratón'),
(15, 'Pico'),
(16, 'Serpiente'),
(17, 'Cobra'),
(18, 'Pin Veneno'),
(19, 'Taladro'),
(20, 'Hada'),
(21, 'Zorro'),
(22, 'Globo'),
(23, 'Murciélago'),
(24, 'Hierbajo'),
(25, 'Flor'),
(26, 'Hongo'),
(27, 'Insecto'),
(28, 'Polilla Venenosa'),
(29, 'Topo'),
(30, 'Gato Araña'),
(31, 'Gato Fino'),
(32, 'Pato'),
(33, 'Mono Cerdo'),
(34, 'Perrito'),
(35, 'Leyenda'),
(36, 'Renacuajo'),
(37, 'Psíquico'),
(38, 'Superpoder'),
(39, 'Matamoscas'),
(40, 'Medusa'),
(41, 'Roca'),
(42, 'Megatón'),
(43, 'Caballo Fuego'),
(44, 'Atontado'),
(45, 'Ermitaño'),
(46, 'Imán'),
(47, 'Pato Salvaje'),
(48, 'Ave Gemela'),
(49, 'Ave Triple'),
(50, 'León Marino'),
(51, 'Lodo'),
(52, 'Bivalvo'),
(53, 'Gas'),
(54, 'Sombra'),
(55, 'Serpiente Roca'),
(56, 'Hipnosis'),
(57, 'Cangrejo'),
(58, 'Tenaza'),
(59, 'Bola'),
(60, 'Huevo'),
(61, 'Coco'),
(62, 'Solitario'),
(63, 'Apilahueso'),
(64, 'Patada'),
(65, 'Puñetazo'),
(66, 'Lametazo'),
(67, 'Gas Venenoso'),
(68, 'Clavos'),
(69, 'Enredadera'),
(70, 'Maternal'),
(71, 'Dragón'),
(72, 'Pez Color'),
(73, 'Estrella'),
(74, 'Misterioso'),
(75, 'Barrera'),
(76, 'Mantis'),
(77, 'Forma Humana'),
(78, 'Eléctrico'),
(79, 'Escupefuego'),
(80, 'Escarabajo'),
(81, 'Toro Bravo'),
(82, 'Pez'),
(83, 'Atrocidad'),
(84, 'Transporte'),
(85, 'Transformación'),
(86, 'Evolución'),
(87, 'Burbuja'),
(88, 'Relámpago'),
(89, 'Virtual'),
(90, 'Espiral'),
(91, 'Armazon'),
(92, 'Fósil'),
(93, 'Dormir'),
(94, 'Congelar'),
(95, 'Genético');

/*-------------------------*/
/*--DATOS TABLA DEBILIDAD--*/
/*-------------------------*/
INSERT INTO Debilidad (idDebilidad, nombre) VALUES
(1, 'Fuego'),
(2, 'Agua'),
(3, 'Eléctrico'),
(4, 'Planta'),
(5, 'Lucha'),
(6, 'Psíquico'),
(7, 'Tierra'),
(8, 'Acero'),
(9, 'Volador'),
(10, 'Hielo'),
(11, 'Hada'),
(13, 'Roca'),
(14, 'Veneno'),
(15, 'Siniestro'),
(16, 'Fantasma'),
(17, 'Dragón'),
(18, 'Bicho');

/*-------------------------*/
/*--DATOS TABLA HABILIDAD--*/
/*-------------------------*/
INSERT INTO Habilidad (idHabilidad, nombre) VALUES
(1, 'Espesura'),
(2, 'Mar Llamas'),
(3, 'Torrente'),
(4, 'Polvo Escudo'),
(5, 'Mudar'),
(6, 'Ojo Compuesto'),
(7, 'Enjambre'),
(8, 'Tumbos'),
(9, 'Vista Lince'),
(10, 'Fuga'),
(11, 'Electricidad Estática'),
(12, 'Velo Arena'),
(13, 'Punto Tóxico'),
(14, 'Rivalidad'),
(15, 'Gran Encanto'),
(16, 'Absorbe Fuego'),
(17, 'Foco Interno'),
(18, 'Clorofila'),
(19, 'Efecto Espora'),
(20, 'Recogida'),
(21, 'Experto'),
(22, 'Humedad'),
(23, 'Espíritu Vital'),
(24, 'Intimidación'),
(25, 'Agallas'),
(26, 'Cuerpo Puro'),
(27, 'Cabeza Roca'),
(28, 'Fuego'),
(29, 'Despiste'),
(30, 'Robustez'),
(31, 'Sebo'),
(32, 'Hedor'),
(33, 'Caparazón'),
(34, 'Levitación'),
(35, 'Cuerpo Maldito'),
(36, 'Insomnio'),
(37, 'Flexibilidad'),
(38, 'Cura Natural'),
(39, 'Madrugar'),
(40, 'Nado Rápido'),
(41, 'Insonorizar'),
(42, 'Electricidad'),
(43, 'Cuerpo Llama'),
(44, 'Corte Fuerte'),
(45, 'Absorbe Agua'),
(47, 'Absorbe Electricidad'),
(48, 'Rastro'),
(50, 'Presión'),
(51, 'Volar'),
(52, 'Muro Mágico'),
(53, 'Tenacidad'),
(54, 'Piel Seca'),
(55, 'Cromolente'),
(56, 'Trampa Arena'),
(57, 'Aclimatación'),
(58, 'Irascible'),
(59, 'Sincronía'),
(60, 'Indefenso'),
(61, 'Lodo Líquido'),
(62, 'Ritmo Propio'),
(63, 'Imán'),
(64, 'Hidratación'),
(65, 'Viscosidad'),
(67, 'Encadenado'),
(68, 'Alerta'),
(69, 'Pararrayos'),
(70, 'Audaz'),
(71, 'Puño Férreo'),
(72, 'Gas Reactivo'),
(73, 'Dicha'),
(74, 'Defensa Hoja'),
(75, 'Intrépido'),
(76, 'Francotirador'),
(77, 'Velo agua'),
(78, 'Iluminación'),
(79, 'Filtro'),
(80, 'Estática'),
(81, 'Rompe Moldes'),
(82, 'Adaptable'),
(83, 'Descarga'),
(84, 'Armadura Batalla'),
(85, 'Inmunidad'),
(86, 'Velocidad'),
(87, 'Nadar');

/*-------------------------*/
/*---DATOS TABLA POKEMON---*/
/*-------------------------*/
INSERT INTO Pokemon (idPokemon, nombre, descripcion, imagen, idCategoria) VALUES
(1, 'Bulbasaur', 'El bulbo de su espalda está lleno de nutrientes. En él, Bulbasaur almacena sus energías. La bombilla crece a medida que envejece porque absorbe los rayos del sol.', '001.png', 1),
(2, 'Ivysaur', 'La luz del sol hará que crezca la flor de su espalda. A medida que Ivysaur crece, esta flor florecerá. Emitirá un aroma dulce cuando florezca.', '002.png', 1),
(3, 'Venusaur', 'La luz solar que absorbe la flor de su espalda produce energía para tu cuerpo. Por eso, se vuelve más fuerte en verano. El aroma de esta flor puede calmar las emociones de las personas.', '003.png', 1),
(4, 'Charmander', 'La llama en la punta de su cola muestra la fuerza de su vida. Si es débil, la llama disminuirá. Cuando está saludable, la llama brillará intensamente.', '004.png', 2),
(5, 'Charmeleon', 'Le gustan mucho las peleas, por lo que constantemente busca oponentes. Ataca con sus afiladas garras y usando su cola como látigo de fuego. Puede liberar llamas azules cuando está muy excitado.', '005.png', 3),
(6, 'Charizard', 'Su fuego es lo suficientemente caliente como para derretir rocas. Cuando está nervioso, la llama de su cola arderá intensamente. Está orgulloso y vuela por los cielos en busca de oponentes poderosos.', '006.png', 3),
(7, 'Squirtle', 'Cuando nace, su casco es blando, pero pronto se endurece. Empujar con el dedo hará que las piezas de su casco salten. Entra en el casco cuando se siente amenazado.', '007.png', 4),
(8, 'Wartortle', 'Es muy inteligente, sabe controlar sus orejas y cola para mantener el equilibrio en el agua y nadar a altas velocidades. Su cola peluda es un símbolo de longevidad.', '008.png', 5),
(9, 'Blastoise', 'El casco en su parte posterior tiene cañones que impulsan agua presurizada lo suficientemente fuerte como para perforar una pared de concreto. También usa su casco pesado para atacar.', '009.png', 6),
(10, 'Caterpie', 'Como forma de protección, Caterpie desprende un olor horrible a través de sus antenas. Sus patas pegajosas son capaces de caminar sobre cualquier tipo de superficie.', '010.png', 7),
(11, 'Metapod', 'Este pokémon es totalmente vulnerable a los ataques mientras su capullo es suave, con riesgo de exponer su frágil y sensible cuerpo. Por lo tanto, está endureciendo su capullo para protegerse.', '011.png', 8),
(12, 'Butterfree', 'Le gusta recolectar miel de las plantas. Sus alas baten tan rápido que deja un rastro de polvo tóxico en el aire. Las alas resisten el agua, lo que le permite volar bajo una lluvia intensa.', '012.png', 9),
(13, 'Weedle', 'A menudo se encuentra en los bosques, comiendo hojas. Tiene un aguijón venenoso y afilado en la cabeza. Cualquiera puede resultar herido si no tiene cuidado por donde pisar.', '013.png', 10),
(14, 'Kakuna', 'Mientras esperan su evolución, los Kakunas viven aferrados a los árboles para esconderse de los depredadores. Aunque todavía es un capullo, logra moverse un poco.', '014.png', 8),
(15, 'Beedrill', 'Tiene dos grandes aguijones en los brazos y uno en la cola. La picadura de su cola es la que más venenos. Suelen volar a gran velocidad y atacar en enjambres.', '015.png', 11),
(16, 'Pidgey', 'No le gusta mucho pelear. En cambio, prefiere batir sus alas cerca del suelo para levantar un polvo de arena y así alejar al enemigo. Tiene un gran sentido de la orientación.', '016.png', 12),
(17, 'Pidgeotto', 'Es muy protector con su territorio, siempre atacará brutalmente a cualquier intruso. Tiene una gran visión y unas garras bien desarrolladas, imprescindibles para la caza de su presa.', '017.png', 13),
(18, 'Pidgeot', 'Es capaz de volar a una velocidad increíble, siendo más rápido que la velocidad del sonido. Con sus músculos bien desarrollados, puede hacer fuertes huracanes batiendo sus alas.', '018.png', 13),
(19, 'Rattata', 'Muerde cualquier cosa al atacar. Vive buscando objetos duros para mordisquear. Puede vivir en cualquier lugar y reproducirse muy rápidamente', '019.png', 14),
(20, 'Raticate', 'Para asustar a los oponentes, se pone de pie y muestra los colmillos de la boca. Sus colmillos son fuertes, capaces incluso de roer una pared de hormigón.', '020.png', 14),
(21, 'Spearow', 'Agita sus alas sobre la hierba para encontrar insectos. Cuando lo encuentra, los arranca del suelo con el pico. Sus alas son cortas, por lo que no puede volar largas distancias.', '021.png', 12),
(22, 'Fearow', 'Fearow es famoso por su cuello largo y su pico largo. Han sido especialmente desarrollados para ayudarte a atrapar presas en el suelo o en el agua. Puedes seguir volando en el cielo durante mucho tiempo sin aterrizar.', '022.png', 15),
(23, 'Ekans', 'Arrástrese silenciosamente por el suelo. Se alimenta de huevos en los nidos de pokémon de aves. Lo huele con su lengua. Sus mandíbulas son capaces de devorar seres mucho más grandes que él.', '023.png', 16),
(24, 'Arbok', 'Las marcas en el cuello de Arbok pueden diferir de una región a otra. Indican lo venenoso que es este Pokémon. También puede asfixiar a sus víctimas envolviéndose a sí mismo alrededor de ellas.', '024.png', 17),
(25, 'Pikachu', 'Para tener una mejor percepción de todo lo que te rodea, mantén la cola erguida. Almacena energía eléctrica dentro de sus mejillas rojas.', '025.png', 14),
(26, 'Raichu', 'Puede volverse agresivo si acumula mucha electricidad en el cuerpo. Puede dar descargas de hasta diez mil voltios. Mantiene su larga cola en el suelo para controlar sus rayos eléctricos.', '026.png', 14),
(27, 'Sandshrew', 'Hace su agujero bajo tierra, lejos del agua. Por lo general, solo sale a cazar. Si cae desde una gran altura, puede salvarse rodando su cuerpo y rodando como una pelota.', '027.png', 14),
(28, 'Sandslash', 'Es experto en hacer arañazos con sus garras. Si se rompen, volverán a crecer en un día. Su lomo tiene espinas muy duras, utilizadas como defensa.', '028.png', 14),
(29, 'Nidoran', 'Las hembras nidoranas tienen cuernos más pequeños. Aunque pequeño, se debe tener cuidado con las venenosas espinas de su cuerpo. No le gusta pelear mucho.', '029.png', 18),
(30, 'Nidorina', 'El cuerno de tu cabeza se desarrolla lentamente. Prefiere atacar con ataques físicos, como mordeduras y rasguños. Es dócil, pero no duda en atacar cuando se le molesta', '030.png', 18),
(31, 'Nidoqueen', 'En el robusto cuerpo de este Pokémon crecen escamas duras. Esto le permite realizar movimientos brutales. Ella defiende a sus crías con su propia vida', '031.png', 19),
(32, 'Nidoran', 'Estira los oídos para sentir el peligro. Con ellos, puede escuchar los sonidos más ligeros. Cuanto más grande sea tu cuerno, más venenoso será.', '032.png', 18),
(33, 'Nidorino', 'Tiene un cuerno más duro que el diamante. Si siente una presencia hostil, todas las astillas de su espalda se levantarán a la vez. Tus picaduras pueden ser fatales.', '033.png', 18),
(34, 'Nidoking', 'Utiliza su poderosa cola para golpear y enrollar a sus oponentes. El combate cuerpo a cuerpo es su especialidad. Su cuerno es capaz de perforar diamantes.', '034.png', 19),
(35, 'Clefairy', 'La luz lunar que puede absorber con sus alas aparentemente le da la capacidad de volar. Rara vez se encuentra, vive en lugares específicos. Suelen salir de su escondite en las noches con luna llena para bailar.', '035.png', 20),
(36, 'Clefable', 'Un pokémon muy tímido, huye cada vez que se da cuenta de que está siendo observado. Tiene un oído muy agudo. Realiza saltos de luz para moverse, lo que le permite pasear por los lagos en las noches de luna.', '036.png', 20),
(37, 'Vulpix', 'Cuando nace, tiene una sola cola. Se divide a medida que envejece. Astuto, para escapar del peligro, finge ser débil y engaña a su oponente.', '037.png', 21),
(38, 'Ninetales', 'Es extremadamente vengativo. Dicen que una maldición de mil años caerá sobre quien tire de una de sus colas por diversión. Se cree que cada una de sus nueve colas tiene un poder místico especial.', '038.png', 21),
(39, 'Jigglypuff', 'Sus grandes ojos se utilizan para atrapar al enemigo. Luego canta una hermosa melodía que pone al oponente a dormir. Puede inflar el cuerpo como un globo y flotar.', '039.png', 22),
(40, 'Wigglytuff', 'Su piel es suave y su cuerpo es muy flexible. Cuando está enojado, puede inhalar el aire repetidamente, inflando su cuerpo cada vez más.', '040.png', 22),
(41, 'Zubat', 'Su audición es muy precisa. Para identificar lo que se encuentra en su camino, Zubat emite ondas ultrasónicas. Esto le permite volar de forma segura incluso en lugares oscuros.', '041.png', 23),
(42, 'Golbat', 'Con dientes muy afilados, muerde a sus víctimas para chupar sangre. No dejará de agotar la energía de la víctima hasta que esté satisfecho. Si chupa mucha sangre, se vuelve pesado y vuela torpemente.', '042.png', 23),
(43, 'Oddish', 'Durante el día suele enterrarse en el suelo, dejando solo sus hojas expuestas. Gritará si alguien intenta sacarlo. Por la noche sale a esparcir sus semillas.', '043.png', 24),
(44, 'Gloom', 'El hedor de la flor en tu cabeza se puede sentir a distancia. Apesta aún más cuando se siente amenazado. La baba que gotea de tu boca es en realidad néctar.', '044.png', 24),
(45, 'Vileplume', 'Cuanto más grandes son los pétalos, más tóxico es el polen que contienen. Son tan pesados ​​que es difícil tomarlos. Cuando sacudes los pétalos, el aire a tu alrededor se vuelve amarillo.', '045.png', 25),
(46, 'Paras', 'Los hongos parásitos crecen en la parte posterior de Paras. Absorben nutrientes de este anfitrión. Son muy valorados como remedios de por vida.', '046.png', 26),
(47, 'Parasect', 'Parasect está controlado por el hongo que creció en su espalda. Gracias a él, vive en lugares húmedos y oscuros. Libera esporas venenosas dondequiera que va.', '047.png', 26),
(48, 'Venonat', 'Tus grandes ojos pueden actuar como un radar. Están formados por varios otros ojos más pequeños. Son ideales para ver en la oscuridad o ver cosas pequeñas.', '048.png', 27),
(49, 'Venomoth', 'Cuando ataca, agita violentamente sus grandes alas oscuras para esparcir su polvo venenoso por todo el lugar. Si tus alas son de un color más claro, tu pólvora es paralizante.', '049.png', 28),
(50, 'Diglett', 'Pasa la mayor parte de su tiempo enterrado bajo tierra. Su método de excavación puede dejar un campo perfecto para el cultivo. Se alimenta de las raíces de los árboles.', '050.png', 29),
(51, 'Dugtrio', 'Los Dugtrio son en realidad trillizos que han surgido de un cuerpo. Como resultado, cada triplete piensa exactamente igual que los otros dos tripletes. Trabajan cooperativamente para excavar sin detenerse.', '051.png', 29),
(52, 'Meowth', 'Meowth quita sus afiladas garras de sus patas para colarse silenciosamente sin dejar rastro. Por alguna razón, a este Pokémon le encantan las monedas brillantes.', '052.png', 30),
(53, 'Persian', 'Tiene un temperamento cruel. Tenga cuidado si levanta la cola. Es una señal de que está a punto de atacar y morder. Aunque su pelaje tiene muchos admiradores, es difícil de criar como mascota por su tacañería.', '053.png', 31),
(54, 'Psyduck', 'Abrumado por habilidades enigmáticas, sufre un dolor de cabeza constante. Cuando su dolor de cabeza alcanza su punto máximo, usa sus misteriosos poderes psíquicos para alejar lo que lo irrita.', '054.png', 32),
(55, 'Golduck', 'Se le ve nadando de forma dinámica y elegante utilizando sus bien desarrolladas extremidades y aletas. Lo confunden constantemente con Kappa, un asesino de monstruos japonés.', '055.png', 32),
(56, 'Mankey', 'Vive en colonias en las copas de los árboles. Si enojas a uno de ellos, tendrás que lidiar con un grupo furioso de Mankey. No es seguro acercarse a él cuando está violento y furioso por cualquier motivo, porque cuando lo hace, no puede distinguir amigos de enemigos.', '056.png', 33),
(57, 'Primeape', 'Si te acercas mientras él duerme, puedes terminar despertándolo, iniciando así una furiosa caza con este primate dormido borracho. Persigue a cualquiera que haga contacto visual.', '057.png', 33),
(58, 'Growlithe', 'Un Pokémon naturalmente leal, fiel y obediente. Permanece inmóvil hasta que se lo ordena su entrenador. Si se le ordena, no dudará en atacar a enemigos más grandes y fuertes, pero su sentido de la justicia le impide atacar inmediatamente a oponentes más débiles y más pequeños.', '058.png', 34),
(59, 'Arcanine', 'Este legendario Pokémon chino se considera magnífico. Mucha gente queda encantada con su enorme melena. Su imponente corteza transmite la idea de un líder. Todo el que oye no puede hacer otra cosa que arrodillarse ante su majestad.', '059.png', 35),
(60, 'Poliwag', 'Tu piel es tan fina que si prestas mucha atención podrás ver tus órganos internos. Tiene dificultad para caminar con los pies recién desarrollados, por lo que tropieza con frecuencia.', '060.png', 36),
(61, 'Poliwhirl', 'La espiral de su vientre gira sutilmente. Mirar esta espiral puede dejarlo somnoliento a, como mucho, hipnotizado. Sus dos piernas están bien desarrolladas, por lo que ya no tropieza. Puede vivir pacíficamente en tierra, pero prefiere vivir en el agua.', '061.png', 36),
(62, 'Poliwrath', 'Poliwrath tiene un cuerpo muy desarrollado y no importa lo agotador que sea el trabajo, sus músculos nunca se cansan. Es tan implacablemente fuerte que puede nadar a través del Océano Pacífico sin mucho esfuerzo.', '062.png', 36),
(63, 'Abra', 'El uso de poderes psíquicos provoca tanta tensión en su cerebro que necesita dormir 18 horas al día. Por esta razón, es difícil ver a un Abra usando cualquier movimiento que no sea Teleport.', '063.png', 37),
(64, 'Kadabra', 'Poco después de evolucionar, su poder mental aumenta, lo que le permite usar varios golpes psíquicos poderosos, pero que necesitan una mayor concentración. Mira su cuchara de plata para vaciar su mente y termina emitiendo más ondas alfa', '064.png', 37),
(65, 'Alakazam', 'Dicen que las cucharas en sus manos son fruto de sus poderes psíquicos. Su cerebro es tan grande que dicen que es el pokémon más inteligente que jamás haya existido.', '065.png', 37),
(66, 'Machop', 'Aunque es bajo, es lo suficientemente fuerte como para levantar y lanzar una serie de Geodudes a la vez. Para fortalecerse, levanta repetidamente a un Graveler con una mano.', '066.png', 38),
(67, 'Machoke', 'El poder ilimitado de Machoke es muy peligroso, por lo que usa un cinturón que suprime su energía. Al usar este poder, ayuda a las personas con trabajos pesados. Es muy buscado por albañiles e ingenieros.', '067.png', 38),
(68, 'Machamp', 'Sus cuatro brazos musculosos golpean a sus enemigos con poderosos golpes y cortes a una velocidad vertiginosa. Puede lanzar hasta mil golpes en solo dos segundos.', '068.png', 38),
(69, 'Bellsprout', 'Planta sus pies profundamente bajo tierra para reponerse de agua. Prefiere ambientes cálidos y húmedos. Rápidamente captura a su presa con sus vides.', '069.png', 25),
(70, 'Weepinbell', 'Un Pokémon que parece ser una planta para capturar presas desprevenidas al noquearlas con un polvo venenoso. Los músculos de la boca están bastante desarrollados.', '070.png', 39),
(71, 'Victreebel', 'Tiene un \"charco\" en la boca con un líquido con aroma a miel que en realidad es un ácido que digiere cualquier cosa. El ácido que ha disuelto muchas presas se vuelve más dulce, lo que hace que sea aún más eficaz para atraerlas.', '071.png', 39),
(72, 'Tentacool', 'Tu cuerpo está prácticamente formado por agua. Dispara extraños rayos de sus ojos que parecen cristales. Innumerables pescadores resultan heridos por su picadura todos los días.', '072.png', 40),
(73, 'Tentacruel', 'Extiende sus 80 tentáculos para formar vallas venenosas de las que es difícil escapar. Sus tentáculos absorben agua y se estiran casi infinitamente para atrapar a sus presas y enemigos.', '073.png', 40),
(74, 'Geodude', 'Muchos viven en senderos de montaña y permanecen semienterrados, vigilando a los escaladores. Esta actitud hace que las piedras los confundan la mayor parte del tiempo.', '074.png', 41),
(75, 'Graveler', 'Camina muy lentamente, por lo que se da la vuelta para moverse. No presta atención a ningún objeto que se cruce en su camino. Con una naturaleza libre e indiferente, no le importaría que los pedazos se rompan mientras desciende montañas.', '075.png', 41),
(76, 'Golem', 'Ni siquiera la dinamita puede hacer estallar su robusto cuerpo de piedra. Cuando está rodando, nada puede detenerlo y no se detiene por nada. Puede rodar fácilmente sobre la lava sin quemarse ni hundirse.', '076.png', 42),
(77, 'Ponyta', 'Corredores expertos, siempre ganan carreras de velocidad. Sin embargo, si compites con un bebé Ponyta, difícilmente perderás. Su fuego solo quema a quienes insisten en él.', '077.png', 43),
(78, 'Rapidash', 'Con gran aceleración, alcanza su velocidad máxima, 67 m / s, en solo 10 pasos. Con su melena ardiendo ferozmente, corre como una flecha.', '078.png', 1),
(79, 'Slowpoke', 'Es tan inteligente como un Wobbuffet y tan rápido como un Caterpie. A pesar de ser lento, es muy hábil con la cola. No sientes dolor si alguien te muerde la cola.', '079.png', 44),
(80, 'Slowbro', 'Cuando un Shellder muerde la cola de Slowpoke, se convierte en un Slowbro herido, si el Shellder es eliminado durante una batalla, vuelve a ser un Slowpoke.', '080.png', 45),
(81, 'Magnemite', 'Utiliza ondas electromagnéticas para flotar, pero eso no le impide recibir grandes daños por golpes de tierra. Se alimenta de electricidad.', '081.png', 46),
(82, 'Magneton', 'Algunas leyendas dicen que es el resultado de la unión de tres Magnemite nivel 30 unidos por el magnetismo de la Piedra del Trueno. Un grupo de Magneton puede provocar una tormenta magnética. Evoluciona cuando entra en contacto con el magnetismo de determinados lugares.', '082.png', 46),
(83, 'Farfetchd', 'Sus puerros le permiten usar movimientos como Furry Cutter, Poison Jab y Leaf Blade. Nunca va a pelear sin su fiel muñón de puerro. Solo come puerros en caso de emergencia y, sin embargo, pronto encuentra un reemplazo.', '083.png', 47),
(84, 'Doduo', 'Los cerebros de tu cabeza comparten emociones a través de la telepatía. También comparten el hambre y se pelean constantemente por la comida.', '084.png', 48),
(85, 'Dodrio', 'Cuando Doduo evoluciona, una de sus cabezas se divide en dos. Estas dos cabezas comparten los mismos recuerdos. Puede correr hasta unos 18 m / s. Sus cabezas representan alegría, furia y tristeza.', '085.png', 49),
(86, 'Seel', 'El cuerno en su cabeza es bastante duro, capaz de perforar el mar helado. Le encanta vivir en un clima frío. No puede caminar bien en tierra, pero es un gran nadador.', '086.png', 50),
(87, 'Dewgong', 'Almacena energía térmica en su cuerpo. Incluso con un frío intenso, permanece ileso, logrando nadar con fuerza en aguas heladas. Puede camuflarse bien en la nieve.', '087.png', 50),
(88, 'Grimer', 'Las plantas dejarán de crecer donde quiera que vayan. Mientras camina, partes de su cuerpo pueden quedarse atrás, formando nuevos Grimers. Le gusta vivir en las cloacas de las ciudades.', '088.png', 51),
(89, 'Muk', 'Un Pokémon sucio y embarrado. Es tan tóxico que incluso sus huellas contienen veneno. Su olor estan horrible que puede hacer que te desmayes.', '089.png', 51),
(90, 'Shellder', 'Su caparazón duro repele cualquier ataque. Es vulnerable solo cuando se abre su caparazón. Los granos de arena que caen dentro de su caparazón pueden convertirse en perlas con los fluidos corporales.', '090.png', 52),
(91, 'Cloyster', 'Su caparazón es tan duro como un diamante, lo usa como forma de defensa. Agarra a sus enemigos cerrando el caparazón. Puedes lanzar varios picos de él. Nadie ha visto nunca como son sus entrañas.', '091.png', 52),
(92, 'Gastly', 'Su cuerpo está hecho de gas. Nunca surgirán cuando hace demasiado viento. Tu piel es venenosa y puede debilitar a cualquiera que entre en contacto.', '092.png', 53),
(93, 'Haunter', 'Puedes atravesar paredes y usar tu lengua para paralizar a otros. Si tropieza de la nada o escucha un ruido cuando no hay nadie cerca, podría ser un Haunter allá arriba', '093.png', 53),
(94, 'Gengar', 'En las noches de luna llena, este Pokémon sale para imitar las sombras de las personas y asustarlas. Si siente un escalofrío repentino, significa que hay un Gengar cerca.', '094.png', 54),
(95, 'Onix', 'A medida que crece, su cuerpo rocoso se vuelve cada vez más duro. Se las arregla para excavar en el suelo a gran velocidad, girando y torciendo las piedras de su cuerpo para ello.', '095.png', 55),
(96, 'Drowzee', 'Pon a dormir a tus oponentes y luego come tus sueños. A veces termina enfermándose por tener pesadillas.', '096.png', 56),
(97, 'Hypno', 'Si encuentra uno de estos, evite el contacto visual. Intentará hacerte dormir usando tu péndulo. Sus poderes hipnóticos están bien desarrollados', '097.png', 56),
(98, 'Krabby', 'Sus garras, además de ser un arma poderosa, sirven de equilibrio para caminar de lado. Si cae una pinza, nacerá una nueva y más resistente. Hace espuma en la boca cuando se siente amenazado.', '098.png', 57),
(99, 'Kingler', 'Su garra creció masivamente y tan dura como el acero. Sin embargo, debido a que es muy pesado, es difícil de manejar. Tiene una potencia de diez mil caballos.', '099.png', 58),
(100, 'Voltorb', 'Generalmente se encuentra en plantas de energía. A menudo se confunde con una Poké Ball y termina impactando a la gente. Incluso puede explotar en algunos casos', '100.png', 59),
(101, 'Electrode', 'Almacena una abundante cantidad de energía eléctrica dentro de su cuerpo. Incluso una pequeña descarga puede hacer que explote. Son ampliamente utilizados como generadores de energía en centrales eléctricas.', '101.png', 59),
(102, 'Exeggcute', 'Este Pokémon está formado por seis huevos que se comunican entre sí por telepatía. Cuando aparecen más y más grietas en los huevos, es una señal de que Exeggcute está a punto de evolucionar.', '102.png', 60),
(103, 'Exeggutor', 'Exeggutor puede tener de 3 a 6 cabezas, dependiendo del entorno en el que viva. A pesar de pensar de forma independiente, sus cabezas nunca pelearán. Si una de sus cabezas crece demasiado, cae y se convierte en Exeggcute.', '103.png', 61),
(104, 'Cubone', 'Su cabeza está cubierta por el cráneo de su difunta madre. Llora cada vez que recuerda a su madre. Las marcas en ese cráneo fueron causadas por las lágrimas de Cubone que fluían.', '104.png', 62),
(105, 'Marowak', 'Este Pokémon ha conservado huesos desde que nació. Tiene una gran habilidad para usarlos como armas. Envía mensajes a otros de su especie martillando piedras con el hueso que lleva.', '105.png', 63),
(106, 'Hitmonlee', 'Sus piernas pueden estirarse para duplicar el tamaño. Cuando tienes prisa, puedes correr con pasos muy largos. Logra hacer varias patadas consecutivas sin moverse. Puedes aprender cualquier tipo de patada.', '106.png', 64),
(107, 'Hitmonchan', 'Sus golpes son tan rápidos que desgarran el aire. Tiene un espíritu indomable de no darse por vencido ante la adversidad. Necesitas tiempo para descansar cada 3 minutos de batalla. Puedes aprender cualquier tipo de puñetazo.', '107.png', 65),
(108, 'Lickitung', 'Su lengua mide más de dos metros de largo. Cuando lo estira por completo, mueve la cola. Se cree que la lengua y la cola están conectadas de alguna manera.', '108.png', 66),
(109, 'Koffing', 'Este Pokémon puede liberar gases explosivos. Su gas venenoso es más liviano que el aire, lo que lo mantiene a flote. Su gas es aún más tóxico en ambientes cálidos.', '109.png', 67),
(110, 'Weezing', 'Donde se encuentran dos tipos de gases venenosos, dos Koffings pueden fusionarse en un Weezing durante muchos años. Cuando una cabeza se infla, la otra se seca. Mezcla sustancias tóxicas en su cuerpo.', '110.png', 67),
(111, 'Rhyhorn', 'Es lento y tiene dificultad para girar el cuerpo hacia un lado debido a sus piernas cortas. Sus huesos son mil veces más duros que los de los hombres. No es muy cauteloso y puede destruir todo lo que se cruce en su camino.', '111.png', 68),
(112, 'Rhydon', 'Su cerebro se desarrolló después de que comenzó a caminar sobre dos piernas. La piel gruesa que tienes puede protegerte incluso si estás bajo el magma. Su cuerno puede girar como un taladro, pudiendo romper incluso diamantes.', '112.png', 19),
(113, 'Chansey', 'Al ser poco común y difícil de capturar, se dice que trae felicidad al entrenador que lo toma. Sus huevos son nutritivos y recomendados para una dieta equilibrada. Tenga cuidado de evitar que le rompan el huevo.', '113.png', 60),
(114, 'Tangela', 'Su cuerpo está cubierto por una maraña de enredaderas. Están compuestos por finas hebras de cabello. Su táctica es envolver a los oponentes con sus lianas.', '114.png', 69),
(115, 'Kangaskhan', 'Este pokémon guarda a sus cachorros en su bolsa marsupial. Hará cualquier cosa para proteger al bebé, incluso si se enfrenta a una batalla. Rara vez el bebé sale de la bolsa, permanece allí hasta los 3 años.', '115.png', 70),
(116, 'Horsea', 'Hace su nido entre los corales. Cuando tienes miedo, arrojas un chorro de tinta. Si cae en una corriente, enrolla su cola alrededor de una roca o planta para no dejarse llevar. Puedes nadar boca arriba con tu aleta dorsal.', '116.png', 71),
(117, 'Seadra', 'Su vientre tiene cerdas gruesas que son venenosas, encargadas de brindarle protección. Generalmente los machos de la especie cuidan a las crías. Los huesos y las aletas de este Pokémon son ingredientes de medicina casera.', '117.png', 71),
(118, 'Goldeen', 'En la temporada de desove, se les ve nadando en ríos y cascadas en grandes grupos. Son grandes y hermosos nadadores. Si se coloca en un acuario grande de vidrio resistente, lo romperán con la fuerza de su cuerno para escapar.', '118.png', 72),
(119, 'Seaking', 'Con su poderoso cuerno, hace agujeros en las piedras de los cauces de los ríos para anidar sus huevos. Da su propia vida para defender sus huevos.', '119.png', 72),
(120, 'Staryu', 'Incluso si le cortan las extremidades, Staryu podrá regenerarlas siempre que la joya en el centro de su cuerpo no haya sido dañada. Cuando está muy débil, la joya de Staryu comienza a destellar.', '120.png', 73),
(121, 'Starmie', 'Su cuerpo se desarrolla en una forma geométricamente simétrica. Se mueve en el agua, haciendo girar el cuerpo como una hélice. La joya en el centro de su cuerpo brilla con los siete colores del arco iris.', '121.png', 74),
(122, 'Mr. Mime', 'Crea paredes invisibles al hacer vibrar los dedos a fondo para detener las moléculas en el aire. Sus gestos de mímica terminan engañando a otros que piensan que no hay nada en el camino.', '122.png', 75),
(123, 'Scyther', 'Las afiladas guadañas de tus brazos se vuelven aún más afiladas al cortar objetos duros. Es tan rápido y veloz como un ninja. Se esconde en el césped porque el color de su cuerpo ayuda a camuflarlo.', '123.png', 76),
(124, 'Jynx', 'Habla un idioma similar al de los seres humanos. Sin embargo, parece usar la danza para comunicarse. Gira sus caderas mientras camina.', '124.png', 77),
(125, 'Electabuzz', 'Su cuerpo descarga energía constantemente. Cuando te acercas a él, el cabello de una persona se erizará. A Electabuzz le gusta alimentarse de la energía de las centrales eléctricas, lo que provoca grandes apagones en las ciudades.', '125.png', 78),
(126, 'Magmar', 'A Magmar no le gustan los lugares fríos, por lo que sopla un fuego abrasador para hacer que el entorno sea adecuado para él. Cuando respira profundamente, las ondas de calor emanan de su cuerpo. Vive cerca de las bocas de los volcanes, su cuerpo resiste la lava.', '126.png', 79),
(127, 'Pinsir', 'Pinsir tiene grandes cuernos con espinas. Con ellos, agarra a tus oponentes como pinzas y apriétalos. También usa sus cuernos para cavar hoyos donde duerme por la noche. Además, Pinsir odia el frío.', '127.png', 80),
(128, 'Tauros', 'Es un Pokémon de naturaleza violenta. Se azota usando sus tres colas para animarlo a luchar. Cuando corre junto con la manada, ni siquiera deja de chocar con algo', '128.png', 81),
(129, 'Magikarp', 'Se dice que es uno de los Pokémon más débiles que existen. Su estafa de salpicaduras de agua es simplemente inútil. Tiene dificultad incluso para nadar. En raras ocasiones logra dar grandes saltos.', '129.png', 82),
(130, 'Gyarados', 'Una vez que esté enojado, no se calmará hasta que haya destruido todo a su paso. Tiene un instinto agresivo. Se sabe que incendiaron ciudades con sus rayos.', '130.png', 83),
(131, 'Lapras', 'Le encanta cruzar los mares cargando gente y pokémons en la espalda. Lapras es capaz de comprender el habla humana. Es amable y tiene la costumbre de cantar con gracia cuando está de buen humor.', '131.png', 84),
(132, 'Ditto', 'Tiene la capacidad de reconstituir su estructura celular para convertirse en cualquier cosa que esté viendo. Si intentas convertirte en algo basado en lo que tienes en tu memoria, acabas perdiendo varios detalles.', '132.png', 85),
(133, 'Eevee', 'Debido a que tiene una composición genética irregular, Eevee puede hacer evolucionar su cuerpo en las formas más diversas, dependiendo de lo que le rodea. Por este motivo, se adapta fácilmente a cualquier tipo de entorno.', '133.png', 86),
(134, 'Vaporeon', 'Su composición celular es similar a las moléculas de agua. Cuando tus aletas comienzan a vibrar, es una señal de que está a punto de llover. Puede fusionar tu cuerpo en el agua, haciéndote completamente invisible.', '134.png', 87),
(135, 'Jolteon', 'Puede descargar una potencia de diez mil voltios. Los pelos de su cuerpo son tan afilados como una aguja afilada. Arregla su pelaje con electricidad.', '135.png', 88),
(136, 'Flareon', 'Las llamas que dispara son tan calientes que pueden llegar a superar los 1600ºC. Su temperatura corporal supera los 800ºC. Se esponja el pelaje con la temperatura corporal.', '136.png', 3),
(137, 'Porygon', 'Este pokémon artificial fue creado por tecnologías científicas avanzadas. Puede moverse libremente en el ciberespacio. Está programado solo con emociones básicas y no necesita respirar para sobrevivir.', '137.png', 89),
(138, 'Omanyte', 'Este Pokémon nadó a través de los mares, retorciendo sus diez tentáculos desde la antigüedad. Utiliza el aire almacenado en su caparazón para emerger y sumergirse en el agua. Son revividos a partir de fósiles por científicos.', '138.png', 90),
(139, 'Omastar', 'Se cree que este Pokémon se ha extinguido porque su caparazón en espiral ha crecido demasiado y se ha vuelto demasiado pesado para soportarlo. Agarra a sus víctimas con sus tentáculos y los aprieta con los dientes.', '139.png', 90),
(140, 'Kabuto', 'Se cree que habitó playas hace 300 años. Tu cuerpo está protegido por un caparazón duro. También tiene ojos en ese casco. Se han encontrado algunos especímenes de su fósil en vida.', '140.png', 6),
(141, 'Kabutops', 'Los estudios dicen que este Pokémon ha abandonado los mares porque su presa se ha adaptado para vivir en tierra. Ataca sus colmillos cortándolos con las hojas de sus afiladas garras.', '141.png', 91),
(142, 'Aerodactyl', 'El Pokémon extinto vagaba por los cielos en la era de los dinosaurios. Tus dientes se mueven como una sierra al masticar. Los científicos han logrado resucitarlo a partir de material genético de un dinosaurio extraído de un ámbar viejo.', '142.png', 92),
(143, 'Snorlax', 'Se vuelve muy perezoso cuando su estómago está lleno. Su vientre se vuelve elástico, haciendo que cualquier cosa que caiga sobre ella salte. Tu estómago puede digerir cualquier tipo de veneno. Duerme mucho tiempo después de comer mucho.', '143.png', 93),
(144, 'Articuno', 'Puede crear ventiscas al congelar la humedad en el aire. Dicen que sus alas están hechas de hielo. De cola larga y brillante, su forma de volar es magnífica. A la gente le parece perdida en montañas heladas.', '144.png', 94),
(145, 'Zapdos', 'Se dice que este Pokémon vive en nubes de trueno. Puede controlar los rayos libremente. Gana fuerza cuando es alcanzado por un rayo. Por lo general, suelta algunos golpes mientras vuela.', '145.png', 78),
(146, 'Moltres', 'La aparición de Moltres indica la llegada de la primavera. Cuando se lesiona, sumerge su cuerpo en el magma de un volcán para quemar y sanar su cuerpo. Los atletas llevan una antorcha con su llama en algunas Ligas Pokémon.', '146.png', 3),
(147, 'Dratini', 'Se le conoce como \"pokémon mirage\" porque pocos lo han visto. Cambia de piel continuamente y se hace cada vez más grande. Lo hace porque su energía vital aumenta constantemente, alcanzando niveles incontrolables.', '147.png', 71),
(148, 'Dragonair', 'Si tu cuerpo adquiere un aura, el clima cambia instantáneamente. Las joyas cristalinas que posee le dan el poder de controlar el clima. Se dice que vive en mares y lagos, pero también se le ve volando.', '148.png', 71),
(149, 'Dragonite', 'Construye su casa en algún lugar del océano. La forma de su cuerpo le permite volar sin problemas sobre mares agitados. Ayuda a los barcos a encontrar tierra firme en las tormentas. Puede dar la vuelta al mundo en 16 horas.', '149.png', 71),
(150, 'Mewtwo', 'Un Pokémon que fue clonado genéticamente de Mew. El poder científico de los humanos no ha logrado darle un corazón compasivo. Por lo general, permanece inmóvil para conservar su energía, de modo que pueda liberar todo su poder en la batalla.', '150.png', 95);


/*---------------------------------*/
/*--DATOS TABLA POKEMON-DEBILIDAD--*/
/*---------------------------------*/
INSERT INTO PokemonDebilidad (idDebilidad, idPokemon) VALUES
(1, 1),
(1, 2),
(1, 3),
(2, 4),
(2, 5),
(3, 6),
(4, 7),
(4, 8),
(4, 9),
(1, 10),
(1, 11),
(1, 12),
(1, 13),
(1, 14),
(1, 15),
(3, 16),
(3, 17),
(3, 18),
(5, 19),
(5, 20),
(3, 21),
(3, 22),
(6, 23),
(6, 24),
(7, 25),
(7, 26),
(2, 27),
(2, 28),
(6, 29),
(6, 30),
(2, 31),
(6, 32),
(6, 33),
(2, 34),
(8, 35),
(8, 36),
(2, 37),
(2, 38),
(8, 39),
(8, 40),
(6, 41),
(3, 42),
(1, 43),
(9, 44),
(9, 45),
(10, 46),
(10, 47),
(9, 48),
(1, 49),
(2, 50),
(2, 51),
(5, 52),
(5, 53),
(4, 54),
(4, 55),
(6, 56),
(6, 57),
(2, 58),
(2, 59),
(4, 60),
(4, 61),
(11, 62),
(16, 63),
(16, 64),
(16, 65),
(6, 66),
(6, 67),
(6, 68),
(1, 69),
(1, 70),
(1, 71),
(6, 72),
(6, 73),
(8, 74),
(10, 75),
(10, 76),
(2, 77),
(1, 78),
(16, 79),
(16, 80),
(1, 81),
(1, 82),
(3, 83),
(3, 84),
(3, 85),
(4, 86),
(4, 87),
(6, 88),
(6, 89),
(4, 90),
(13, 91),
(16, 92),
(16, 93),
(16, 94),
(8, 95),
(16, 96),
(16, 97),
(4, 98),
(4, 99),
(7, 100),
(7, 101),
(16, 102),
(10, 103),
(2, 104),
(2, 105),
(6, 106),
(6, 107),
(5, 108),
(6, 109),
(6, 110),
(8, 111),
(8, 112),
(5, 113),
(1, 114),
(5, 115),
(4, 116),
(4, 117),
(4, 118),
(4, 119),
(4, 120),
(16, 121),
(16, 122),
(1, 123),
(8, 124),
(7, 125),
(2, 126),
(1, 127),
(5, 128),
(4, 129),
(3, 130),
(4, 131),
(5, 132),
(5, 133),
(4, 134),
(7, 135),
(2, 136),
(5, 137),
(7, 138),
(4, 139),
(7, 140),
(4, 141),
(8, 142),
(5, 143),
(8, 144),
(10, 145),
(2, 146),
(11, 147),
(11, 148),
(11, 149),
(16, 150),
(6, 1),
(6, 2),
(6, 3),
(7, 4),
(7, 5),
(2, 6),
(3, 7),
(3, 8),
(3, 9),
(9, 10),
(9, 11),
(10, 12),
(13, 13),
(13, 14),
(6, 15),
(10, 16),
(10, 17),
(10, 18),
(10, 21),
(10, 22),
(7, 23),
(7, 24),
(4, 27),
(4, 28),
(7, 29),
(7, 30),
(10, 31),
(7, 32),
(7, 33),
(10, 34),
(14, 35),
(14, 36),
(7, 37),
(7, 38),
(14, 39),
(14, 40),
(3, 41),
(6, 42),
(6, 43),
(6, 44),
(6, 45),
(9, 46),
(9, 47),
(6, 48),
(9, 49),
(4, 50),
(4, 51),
(3, 54),
(3, 55),
(9, 56),
(9, 57),
(7, 58),
(7, 59),
(3, 60),
(3, 61),
(4, 62),
(15, 63),
(15, 64),
(15, 65),
(9, 66),
(9, 67),
(9, 68),
(9, 69),
(9, 70),
(9, 71),
(3, 72),
(3, 73),
(5, 74),
(4, 75),
(2, 76),
(7, 77),
(6, 78),
(15, 79),
(15, 80),
(5, 81),
(5, 82),
(10, 83),
(10, 84),
(10, 85),
(3, 86),
(3, 87),
(7, 88),
(7, 89),
(3, 90),
(5, 91),
(15, 92),
(15, 93),
(15, 94),
(5, 95),
(15, 96),
(15, 97),
(3, 98),
(3, 99),
(1, 102),
(15, 103),
(4, 104),
(4, 105),
(9, 106),
(9, 107),
(7, 109),
(7, 110),
(10, 111),
(10, 112),
(11, 9),
(3, 116),
(3, 117),
(3, 118),
(3, 119),
(3, 120),
(15, 121),
(8, 122),
(9, 123),
(7, 126),
(9, 127),
(3, 129),
(13, 130),
(3, 131),
(3, 134),
(7, 136),
(3, 138),
(3, 139),
(5, 140),
(3, 141),
(10, 142),
(1, 144),
(13, 145),
(3, 146),
(10, 147),
(10, 148),
(10, 149),
(15, 150),
(9, 1),
(9, 2),
(9, 3),
(13, 4),
(13, 5),
(13, 6),
(17, 7),
(13, 10),
(13, 11),
(3, 12),
(6, 13),
(9, 14),
(13, 15),
(13, 16),
(13, 17),
(13, 18),
(13, 21),
(13, 22),
(10, 27),
(10, 28),
(7, 31),
(6, 34),
(13, 37),
(13, 38),
(10, 41),
(10, 42),
(9, 43),
(1, 44),
(1, 45),
(1, 46),
(1, 47),
(1, 48),
(6, 49),
(10, 50),
(10, 51),
(11, 56),
(11, 57),
(13, 58),
(13, 59),
(3, 62),
(18, 63),
(18, 64),
(18, 65),
(11, 66),
(11, 67),
(11, 68),
(10, 69),
(10, 70),
(10, 71),
(7, 72),
(7, 73),
(2, 74),
(7, 75),
(5, 76),
(13, 77),
(10, 78),
(18, 79),
(4, 80),
(7, 81),
(7, 82),
(13, 83),
(13, 84),
(13, 85),
(5, 87),
(4, 91),
(7, 92),
(6, 93),
(6, 94),
(2, 95),
(18, 96),
(18, 97),
(9, 102),
(14, 103),
(10, 104),
(10, 105),
(11, 106),
(11, 107),
(2, 111),
(2, 112),
(10, 114),
(4, 121),
(14, 122),
(3, 123),
(1, 124),
(13, 126),
(13, 127),
(5, 131),
(13, 136),
(5, 138),
(5, 139),
(3, 140),
(5, 141),
(13, 142),
(3, 144),
(13, 146),
(17, 147),
(17, 148),
(13, 149),
(18, 150);

/*-------------------------*/
/*--DATOS TABLA POKEMON-HABILIDAD--*/
/*-------------------------*/
INSERT INTO PokemonHabilidad (idHabilidad, idPokemon) VALUES
(1, 1),
(1, 2),
(1, 3),
(2, 4),
(2, 5),
(2, 6),
(3, 7),
(3, 8),
(3, 9),
(4, 10),
(5, 11),
(6, 12),
(4, 13),
(5, 14),
(7, 15),
(8, 16),
(9, 17),
(9, 18),
(10, 19),
(10, 20),
(9, 21),
(9, 22),
(5, 23),
(5, 24),
(11, 25),
(11, 26),
(12, 27),
(12, 28),
(13, 29),
(14, 30),
(13, 31),
(14, 32),
(13, 33),
(13, 34),
(15, 35),
(15, 36),
(16, 37),
(16, 38),
(15, 39),
(15, 40),
(17, 41),
(17, 42),
(18, 43),
(18, 44),
(18, 45),
(19, 46),
(19, 47),
(6, 48),
(4, 49),
(12, 50),
(12, 51),
(20, 52),
(21, 53),
(22, 54),
(22, 55),
(22, 56),
(23, 57),
(24, 58),
(24, 59),
(22, 60),
(22, 61),
(22, 62),
(17, 63),
(17, 64),
(17, 65),
(25, 66),
(25, 67),
(25, 68),
(18, 69),
(18, 70),
(18, 71),
(26, 72),
(26, 73),
(27, 74),
(27, 75),
(27, 76),
(28, 77),
(1, 78),
(29, 79),
(29, 80),
(30, 81),
(30, 82),
(9, 83),
(10, 84),
(10, 85),
(31, 86),
(31, 87),
(32, 88),
(32, 89),
(33, 90),
(33, 91),
(34, 92),
(34, 93),
(35, 94),
(27, 95),
(36, 96),
(36, 97),
(33, 98),
(33, 99),
(11, 100),
(11, 101),
(18, 102),
(18, 103),
(27, 104),
(27, 105),
(37, 106),
(9, 107),
(29, 108),
(34, 109),
(34, 110),
(27, 111),
(27, 112),
(38, 113),
(18, 114),
(39, 115),
(40, 116),
(13, 117),
(40, 118),
(40, 119),
(38, 120),
(38, 121),
(41, 122),
(7, 123),
(29, 124),
(42, 125),
(43, 126),
(44, 127),
(24, 128),
(40, 129),
(24, 130),
(45, 131),
(37, 132),
(10, 133),
(45, 134),
(47, 135),
(16, 136),
(48, 137),
(33, 138),
(33, 139),
(40, 140),
(40, 141),
(27, 142),
(31, 143),
(50, 144),
(50, 145),
(50, 146),
(5, 147),
(5, 148),
(17, 149),
(50, 150),
(8, 17),
(8, 18),
(25, 19),
(25, 20),
(51, 21),
(51, 22),
(24, 23),
(24, 24),
(13, 32),
(14, 33),
(14, 34),
(52, 35),
(52, 36),
(53, 39),
(53, 40),
(54, 46),
(54, 47),
(55, 48),
(55, 49),
(56, 50),
(56, 51),
(21, 52),
(37, 53),
(57, 54),
(57, 55),
(58, 56),
(58, 57),
(16, 58),
(16, 59),
(45, 60),
(45, 61),
(45, 62),
(59, 63),
(59, 64),
(59, 65),
(60, 66),
(60, 67),
(60, 68),
(61, 72),
(61, 73),
(30, 74),
(30, 75),
(30, 76),
(16, 77),
(62, 79),
(62, 80),
(63, 81),
(63, 82),
(17, 83),
(39, 84),
(39, 85),
(64, 86),
(64, 87),
(65, 88),
(65, 89),
(67, 90),
(67, 91),
(30, 95),
(68, 96),
(68, 97),
(44, 98),
(44, 99),
(41, 100),
(69, 104),
(69, 105),
(70, 106),
(71, 107),
(62, 108),
(72, 109),
(72, 110),
(69, 111),
(69, 112),
(73, 113),
(74, 114),
(75, 115),
(76, 116),
(76, 117),
(77, 118),
(77, 119),
(78, 120),
(78, 121),
(79, 122),
(21, 123),
(68, 124),
(80, 125),
(81, 127),
(58, 128),
(33, 131),
(82, 133),
(83, 137),
(40, 138),
(40, 139),
(84, 140),
(84, 141),
(50, 142),
(85, 143),
(51, 17),
(51, 18),
(86, 19),
(87, 20),
(41, 101);

/*--------------------*/
/*--DATOS TABLA TIPO--*/
/*--------------------*/
INSERT INTO Tipo (idTipo, nombre) VALUES
(1, 'Agua'),
(2, 'Ave'),
(3, 'Dragón'),
(4, 'Eléctrico'),
(5, 'Fantasma'),
(6, 'Fuego'),
(7, 'Hada'),
(8, 'Insecto'),
(9, 'Lucha'),
(10, 'Normal'),
(11, 'Planta'),
(12, 'Psíquico'),
(13, 'Roca'),
(14, 'Tierra'),
(15, 'Veneno');


/*----------------------------*/
/*--DATOS TABLA POKEMON-TIPO--*/
/*----------------------------*/
INSERT INTO PokemonTipo (idTipo, idPokemon) VALUES
(11, 1),
(11, 2),
(11, 3),
(6, 4),
(6, 5),
(6, 6),
(1, 7),
(1, 8),
(1, 9),
(8, 10),
(8, 11),
(8, 12),
(8, 13),
(8, 14),
(8, 15),
(2, 16),
(2, 17),
(2, 18),
(10, 19),
(10, 20),
(2, 21),
(2, 22),
(15, 23),
(15, 24),
(4, 25),
(4, 26),
(14, 27),
(14, 28),
(15, 29),
(15, 30),
(15, 31),
(15, 32),
(15, 33),
(15, 34),
(7, 35),
(7, 36),
(6, 37),
(6, 38),
(7, 39),
(7, 40),
(15, 41),
(15, 42),
(11, 43),
(11, 44),
(11, 45),
(8, 46),
(8, 47),
(15, 48),
(15, 49),
(14, 50),
(14, 51),
(10, 52),
(10, 53),
(1, 54),
(1, 55),
(9, 56),
(9, 57),
(6, 58),
(6, 59),
(1, 60),
(1, 61),
(1, 62),
(12, 63),
(12, 64),
(12, 65),
(9, 66),
(9, 67),
(9, 68),
(11, 69),
(11, 70),
(11, 71),
(1, 72),
(1, 73),
(13, 74),
(13, 75),
(13, 76),
(6, 77),
(6, 78),
(1, 79),
(1, 80),
(4, 81),
(4, 82),
(2, 83),
(2, 84),
(2, 85),
(1, 86),
(1, 87),
(15, 88),
(15, 89),
(1, 90),
(1, 91),
(5, 92),
(5, 93),
(5, 94),
(13, 95),
(12, 96),
(12, 97),
(1, 98),
(1, 99),
(4, 100),
(4, 101),
(12, 102),
(12, 103),
(14, 104),
(14, 105),
(9, 106),
(9, 107),
(10, 108),
(15, 109),
(15, 110),
(10, 111),
(10, 112),
(10, 113),
(11, 114),
(10, 115),
(1, 116),
(1, 117),
(1, 118),
(1, 119),
(1, 120),
(1, 121),
(12, 122),
(11, 123),
(1, 124),
(4, 125),
(6, 126),
(8, 127),
(10, 128),
(1, 129),
(3, 130),
(1, 131),
(10, 132),
(10, 133),
(1, 134),
(4, 135),
(6, 136),
(12, 137),
(13, 138),
(13, 139),
(13, 140),
(13, 141),
(13, 142),
(10, 143),
(2, 144),
(2, 145),
(2, 146),
(3, 147),
(3, 148),
(3, 149),
(12, 150);

/******************************************/
/*   cargamos datos EstadisticasPokemon   */
/******************************************/
insert into EstadisticasPokemon values 
(1,6.9,0.7,45,49,49,65,65,45),
(2,13,1,60,62,63,80,80,60),
(3,100,2,80,82,83,100,100,80),
(4,8.5,0.6,39,52,43,60,50,65),
(5,19,1.1,58,64,58,80,65,80),
(6,90.5,1.7,78,84,78,109,85,100),
(7,9,0.5,44,48,65,50,64,43),
(8,22.5,1,59,63,80,65,80,58),
(9,85.5,1.6,79,83,100,85,105,78),
(10,2.9,0.3,45,30,35,20,20,45),
(11,9.9,0.7,50,20,55,25,25,30),
(12,32,1.1,60,45,50,90,80,70),
(13,3.2,0.3,40,35,30,20,20,50),
(14,10,0.6,45,25,50,25,25,35),
(15,29.5,1,65,90,40,45,80,75),
(16,1.8,0.3,40,45,40,35,35,56),
(17,30,1.1,63,60,55,50,50,71),
(18,39.5,1.5,83,80,75,70,70,101),
(19,3.5,0.3,30,56,35,25,35,72),
(20,18.5,0.7,55,81,60,50,70,97),
(21,2,0.3,40,60,30,31,31,70),
(22,38,1.2,65,90,65,61,61,100),
(23,6.9,2,35,60,44,40,54,55),
(24,65,3.5,60,95,69,65,79,80),
(25,6,0.4,35,55,40,50,50,90),
(26,30,0.8,60,90,55,90,80,110),
(27,12,0.6,50,75,85,20,30,40),
(28,29.5,1,75,100,110,45,55,65),
(29,7,0.4,55,47,52,40,40,41),
(30,20,0.8,70,62,67,55,55,56),
(31,60,1.3,90,92,87,75,85,76),
(32,9,0.5,46,57,40,40,40,50),
(33,19.5,0.9,61,72,57,55,55,65),
(34,62,1.4,81,102,77,85,75,85),
(35,7.5,0.6,70,45,48,60,65,35),
(36,40,1.3,95,70,73,95,90,60),
(37,9.9,0.6,38,41,40,50,65,65),
(38,19.9,1.1,73,76,75,81,100,100),
(39,5.5,0.5,115,45,20,45,25,20),
(40,12,1,140,70,45,85,50,45),
(41,7.5,0.8,40,45,35,30,40,55),
(42,55,1.6,75,80,70,65,75,90),
(43,5.4,0.5,45,50,55,75,65,30),
(44,8.6,0.8,60,65,70,85,75,40),
(45,18.6,1.2,75,80,85,110,90,50),
(46,5.4,0.3,35,70,55,45,55,25),
(47,29.5,1,60,95,80,60,80,30),
(48,30,1,60,55,50,40,55,45),
(49,12.5,1.5,70,65,60,90,75,90),
(50,0.8,0.2,10,55,25,35,45,95),
(51,33.3,0.7,35,100,50,50,70,120),
(52,4.2,0.4,40,45,35,40,40,90),
(53,32,1,65,70,60,65,65,115),
(54,19.6,0.8,50,52,48,65,50,55),
(55,76.6,1.7,80,82,78,95,80,85),
(56,28,0.5,40,80,35,35,45,70),
(57,32,1,65,105,60,60,70,95),
(58,19,0.7,55,70,45,70,50,60),
(59,155,1.9,90,110,80,100,80,95),
(60,12.4,0.6,40,50,40,40,40,90),
(61,20,1,65,65,65,50,50,90),
(62,54,1.3,90,95,95,70,90,70),
(63,19.5,0.9,25,20,15,105,55,90),
(64,56.5,1.3,40,35,30,120,70,105),
(65,48,1.5,55,50,45,135,95,120),
(66,19.5,0.8,70,80,50,35,35,35),
(67,70.5,1.5,80,100,70,50,60,45),
(68,130,1.6,90,130,80,65,85,55),
(69,4,0.7,50,75,35,70,30,40),
(70,6.4,1,65,90,50,85,45,55),
(71,15.5,1.7,80,105,65,100,70,70),
(72,45.5,0.9,40,40,35,50,100,70),
(73,55,1.6,80,70,65,80,120,100),
(74,20,0.4,40,80,100,30,30,20),
(75,105,1,55,95,115,45,45,35),
(76,300,1.4,80,120,130,55,65,45),
(77,30,1,50,85,55,65,65,90),
(78,95,1.7,65,100,70,80,80,105),
(79,36,1.2,90,65,65,40,40,15),
(80,78.5,1.6,95,75,110,100,80,30),
(81,6,0.3,25,35,70,95,55,45),
(82,60,1,50,60,95,120,70,70),
(83,15,0.8,52,90,55,58,62,60),
(84,39.2,1.4,35,85,45,35,35,75),
(85,85.2,1.8,60,110,70,60,60,110),
(86,90,1.1,65,45,55,45,70,45),
(87,120,1.7,90,70,80,70,95,70),
(88,30,0.9,80,80,50,40,50,25),
(89,30,1.2,105,105,75,65,100,50),
(90,4,0.3,30,65,100,45,25,40),
(91,132.5,1.5,50,95,180,85,45,70),
(92,0.1,1.3,30,35,30,100,35,80),
(93,0.1,1.6,45,50,45,115,55,95),
(94,40.5,1.5,60,65,60,130,75,110),
(95,210,8.8,35,45,160,30,45,70),
(96,32.4,1,60,48,45,43,90,42),
(97,75.6,1.6,85,73,70,73,115,67),
(98,6.5,0.4,30,105,90,25,25,50),
(99,60,1.3,55,130,115,50,50,75),
(100,10.4,0.5,40,30,50,55,55,100),
(101,66.6,1.2,60,50,70,80,80,150),
(102,2.5,0.4,60,40,80,60,45,40),
(103,120,2,95,95,85,125,75,55),
(104,6.5,0.4,50,50,95,40,50,35),
(105,45,1,60,80,110,50,80,45),
(106,49.8,1.5,50,120,53,35,110,87),
(107,50.2,1.4,50,105,79,35,110,76),
(108,65.5,1.2,90,55,75,60,75,30),
(109,1,0.6,40,65,95,60,45,35),
(110,9.5,1.2,65,90,120,85,70,60),
(111,115,1,80,85,95,30,30,25),
(112,120,1.9,105,130,120,45,45,40),
(113,34.6,1.1,250,5,5,35,105,50),
(114,35,1,65,55,115,100,40,60),
(115,80,2.2,105,95,80,40,80,90),
(116,8,0.4,30,40,70,70,25,60),
(117,25,1.2,55,65,95,95,45,85),
(118,15,0.6,45,67,60,35,50,63),
(119,39,1.3,80,92,65,65,80,68),
(120,34.5,0.8,30,45,55,70,55,85),
(121,80,1.1,60,75,85,100,85,115),
(122,54.5,1.3,40,45,65,100,120,90),
(123,56,1.5,70,110,80,55,80,105),
(124,40.6,1.4,65,50,35,115,95,95),
(125,30,1.1,65,83,57,95,85,105),
(126,44.5,1.3,65,95,57,100,85,93),
(127,55,1.5,65,125,100,55,70,85),
(128,88.4,1.4,75,100,95,40,70,110),
(129,10,0.9,20,10,55,15,20,80),
(130,235,6.5,95,125,79,60,100,81),
(131,220,2.5,130,85,80,85,95,60),
(132,4,0.3,48,48,48,48,48,48),
(133,6.5,0.3,55,55,50,45,65,55),
(134,29,1,130,65,60,110,95,65),
(135,24.5,0.8,65,65,60,110,95,130),
(136,25,0.9,65,130,60,95,110,65),
(137,36.5,0.8,65,60,70,85,75,40),
(138,7.5,0.4,35,40,100,90,55,35),
(139,35,1,70,60,125,115,70,55),
(140,11.5,0.5,30,80,90,55,45,55),
(141,40.5,1.3,60,115,105,65,70,80),
(142,59,1.8,80,105,65,60,75,130),
(143,460,2.1,160,110,65,65,110,30),
(144,55.4,1.7,90,85,100,95,125,85),
(145,52.6,1.6,90,90,85,125,90,100),
(146,60,2,90,100,90,125,85,90),
(147,3.3,1.8,41,64,45,50,50,50),
(148,16.5,4,61,84,65,70,70,70),
(149,210,2.2,91,134,95,100,100,80),
(150,122,2,106,110,90,154,90,130);


/*CONFIRMAMOS LOS CAMBIOS*/
COMMIT;

