-- EJERCICIO 1
CREATE TABLE PEDIDOS(
	ID_PEDIDO NUMBER(10),
	FECHA_PEDIDO DATE,
	TOTAL_PEDIDO NUMBER(10),
	CONSTRAINT PK_PEDIDOS PRIMARY KEY (ID_PEDIDO)
);

CREATE TABLE PRODUCTOS(
	ID_PRODUCTO NUMBER(10),
	NOMBRE VARCHAR2(100),
	PRECIO NUMBER(10),
	STOCK NUMBER(10),
	CONSTRAINT PK_PRODUCTOS PRIMARY KEY (ID_PRODUCTO)
);

CREATE TABLE LINEAS_PEDIDO(
	ID_LINEA NUMBER(10),
	ID_PEDIDO NUMBER(10),
	ID_PRODUCTO NUMBER(10),
	CANTIDAD NUMBER(10),
	CONSTRAINT PK_LINEAS_PEDIDOS PRIMARY KEY (ID_LINEA),
	CONSTRAINT FK_LINEAS_PEDIDOS FOREIGN KEY (ID_PEDIDO) REFERENCES PEDIDOS (ID_PEDIDO),
	CONSTRAINT FK2_LINEAS_PEDIDOS FOREIGN KEY (ID_PRODUCTO) REFERENCES PRODUCTOS (ID_PRODUCTO)
);

INSERT INTO PEDIDOS VALUES (1,SYSDATE,28);
INSERT INTO PEDIDOS VALUES (2,SYSDATE,30);
INSERT INTO PEDIDOS VALUES (3,SYSDATE,14);
INSERT INTO PEDIDOS VALUES (4,SYSDATE,20);
INSERT INTO PEDIDOS VALUES (5,SYSDATE,8);

INSERT INTO PRODUCTOS VALUES (1,'AURICULARES',60,99);
INSERT INTO PRODUCTOS VALUES (2,'TELEFONO',28,30);
INSERT INTO PRODUCTOS VALUES (3,'PORTATIL',10,9);
INSERT INTO PRODUCTOS VALUES (4,'DISCO DURO',32,52);
INSERT INTO PRODUCTOS VALUES (5,'ALTAVOZ',21,947);

INSERT INTO LINEAS_PEDIDO VALUES (1,1,1,20);
INSERT INTO LINEAS_PEDIDO VALUES (2,2,2,81);
INSERT INTO LINEAS_PEDIDO VALUES (3,3,3,60);
INSERT INTO LINEAS_PEDIDO VALUES (4,4,4,27);
INSERT INTO LINEAS_PEDIDO VALUES (5,5,5,42);


CREATE OR REPLACE PROCEDURE PROCESAR_PEDIDO(
	V_ID_PEDIDO NUMBER
)IS
	CONTADOR_STOCK NUMBER;
	CONTADOR_CANT NUMBER;
	SUFICIENTE EXCEPTION;
BEGIN
	SELECT STOCK INTO CONTADOR_STOCK FROM PRODUCTOS WHERE ID_PRODUCTO = V_ID_PEDIDO;
	SELECT CANTIDAD INTO CONTADOR_CANT FROM LINEA_PEDIDO WHERE ID_PRODUCTO = V_ID_PEDIDO;
	
	IF CONTADOR_STOCK > CONTADOR_CANT THEN
		CONTADOR_STOCK:= CONTADOR_STOCK - CONTADOR_CANT;
	ELSE
		RAISE SUFICIENTE;
	END IF;
	
	EXCEPTION
		WHEN SUFICIENTE THEN
		DMBS_OUTPUT.PUT_LINE('STOCK INSUFICIENTE PARA EL PRODCUTO CUYO ID ES: ' || V_ID_PRODUCTO);
END;

-- PRUEBA
BEGIN
	PROCESAR_PEDIDO(1);
END;


-- EJERCICIO 2
CREATE TABLE LOG_AUDITARIA(
	ID_LOG NUMBER(10),
	TABLA_AFECTADA VARCHAR2(100),
	OPERACION VARCHAR2(100),
	FECHA_EVENTO DATE,
	CONSTRAINT PK_AUDITAR_PEDIDOS PRIMARY KEY (ID_LOG)
);

CREATE SEQUENCE SEQ_AUDITARIA START WITH 1 INCREMENT BY 1;

CREATE OR REPLACE TRIGGER AUDITAR_PEDIDOS
BEFORE INSERT OR UPDATE OR DELETE ON PEDIDOS
FOR EACH ROW
DECLARE
  V_OPERACION VARCHAR2(20);
BEGIN
  IF INSERTING THEN
    V_OPERACION := 'INSERCION';
  ELSIF UPDATING THEN
    V_OPERACION := 'ACTUALIZACION';
  ELSE
    V_OPERACION := 'BORRADO';
  END IF;

  INSERT INTO LOG_AUDITORIA
  VALUES (SEQ_AUDITARIA.NEXTVAL, 'PEDIDOS', V_OPERACION, SYSDATE);
END;

-- PRUEBAS
INSERT INTO PEDIDOS VALUES (6,SYSDATE,80);

UPDATE PEDIDOS p SET TOTAL_PEDIDO = 80 WHERE ID_PEDIDO = 1 ;

DELETE PEDIDOS FROM PEDIDOS WHERE ID_PEDIDO = 1;

-- EJERCICIO 3
CREATE OR REPLACE TRIGGER VALIDAR_PRECIOS
BEFORE INSERT OR UPDATE OF PRECIO ON PRODUCTOS
FOR EACH ROW
DECLARE
	EVITAR EXCEPTION
BEGIN	
	IF :NEW.PRECIO <= 0 THEN
		RAISE EVITAR;
	END IF;
	
	EXCEPTION
		WHEN EVITAR THEN
		RAISE_APPLICATION_ERROR(-20001,'NO SE PUEDE INSERTAR/ACTUALIZAR UN PRODUCTO CON UN PRECIO MENOR O IGUAL QUE CERO')
END;

-- PRUEBAS
INSERT INTO PRODUCTOS VALUES(7,'MONITOR',100,10); -- FUNCIONA
INSERT INTO PRODUCTOS VALUES(8,'MONITOR MSI',-80,70); -- NO FUNCIONA
INSERT INTO PRODUCTOS VALUES(9,'MONITOR SAMSUNG',0,75); -- NO FUNCIONA

SELECT * FROM PRODUCTOS p ;

-- EJERCICIO 4
CREATE OR REPLACE PROCEDURE AJUSTAR_PRECIO_PRODUCTO(
	V_ID_PRODUCTO IN OUT NUMBER,
	V_PORCENTAJE NUMBER,
	V_PRECIO_AJUSTADO OUT NUMBER
)IS
	CONTADOR NUMBER;
	PRECIO_ACTUAL NUMBER;
	EXISTE EXCEPTION;
BEGIN
	SELECT COUNT(*) INTO CONTADOR FROM PRODUCTOS WHERE ID_PRODUCTO = V_ID_PRODUCTO;
	IF V_ID_PRODUCTO = 1 THEN
		SELECT PRECIO INTO PRECIO_ACTUAL FROM PRODUCTOS WHERE ID_PRODUCTO = V_ID_PRODUCTO;
		PRECIO_AJUSTADO:= (V_PORCENTAJE / 100) * PRECIO_ACTUAL;
	ELSE
		RAISE EXISTE;
	END IF;
	
	EXCEPTION
		WHEN EXISTE THEN
		DMBS_OUTPUT.PUT_LINE('PRODUCTO NO EXISTE');
END;


-- PRUEBA
BEGIN
	AJUSTAR_PRECIO_PRODUCTO(1,20,50);
END;


























